x;0;1;2;3;4;5;6;7;8;9;10;11;12;13;14;15;16;17;18;19;20;21;22;23;24;25;26;27;28;29;30;31;32;33;34;35;36;37;38;39;40;41;42;43;44;45;46;47;48;49;50;51;52;53;54;55;56;57;58;59;60;61;62;63;64;
0;6.60164e+38;-4.80871e+38;-7.75344e+38;2.92446e+38;8.8068e+38;-1.12752e+38;-9.62414e+38;-4.87642e+37;1.00562e+39;1.89838e+38;-9.98374e+38;-3.14469e+38;9.35354e+38;4.3017e+38;-8.19713e+38;-5.44233e+38;6.62664e+38;
1;1.43794e+39;-9.8655e+38;-1.59725e+39;6.94583e+38;1.70093e+39;-3.70123e+38;-1.75035e+39;2.64137e+37;1.74768e+39;3.20729e+38;-1.69461e+39;-6.54689e+38;1.59176e+39;9.59995e+38;-1.43898e+39;-1.22399e+39;1.23652e+39;
2;6.68442e+38;-4.96244e+38;-7.82337e+38;3.06859e+38;8.86019e+38;-1.24156e+38;-9.66647e+38;-4.19111e+37;1.00997e+39;1.88177e+38;-1.00431e+39;-3.176e+38;9.44013e+38;4.36798e+38;-8.31489e+38;-5.52567e+38;6.76977e+38;
3;1.49017e+39;-8.98921e+38;-1.63517e+39;5.9744e+38;1.72419e+39;-2.67941e+38;-1.75842e+39;-7.60111e+37;1.73982e+39;4.18835e+38;-1.67004e+39;-7.44623e+38;1.54998e+39;1.0389e+39;-1.38022e+39;-1.29005e+39;1.16206e+39;
4;6.494e+38;-5.13378e+38;-7.60951e+38;3.30157e+38;8.62199e+38;-1.50388e+38;-9.41727e+38;-1.57813e+37;9.86512e+38;1.6425e+38;-9.85483e+38;-2.96611e+38;9.32804e+38;4.18115e+38;-8.29867e+38;-5.34611e+38;6.85359e+38;
5;1.49188e+39;-7.8181e+38;-1.6183e+39;4.81603e+38;1.69e+39;-1.58782e+38;-1.70794e+39;-1.73391e+38;1.67386e+39;5.00218e+38;-1.58945e+39;-8.07091e+38;1.45603e+39;1.08097e+39;-1.27501e+39;-1.31156e+39;1.04877e+39;
6;6.12079e+38;-5.23926e+38;-7.18967e+38;3.5217e+38;8.15622e+38;-1.79978e+38;-8.92502e+38;1.7446e+37;9.38289e+38;1.30366e+38;-9.42904e+38;-2.63442e+38;9.00441e+38;3.85311e+38;-8.11126e+38;-5.00556e+38;6.81675e+38;
7;1.44568e+39;-6.57838e+38;-1.55327e+39;3.6902e+38;1.60858e+39;-6.30093e+37;-1.61225e+39;-2.47861e+38;1.56585e+39;5.50342e+38;-1.47117e+39;-8.31526e+38;1.33012e+39;1.08002e+39;-1.14496e+39;-1.2868e+39;9.19094e+38;
8;5.68503e+38;-5.1833e+38;-6.66955e+38;3.60747e+38;7.55279e+38;-1.98833e+38;-8.26182e+38;4.25129e+37;8.70431e+38;1.02167e+38;-8.79228e+38;-2.33432e+38;8.46732e+38;3.52907e+38;-7.7195e+38;-4.63768e+38;6.59399e+38;
9;1.35991e+39;-5.50393e+38;-1.4526e+39;2.81211e+38;1.49604e+39;5.93211e+35;-1.49045e+39;-2.84195e+38;1.43718e+39;5.58227e+38;-1.33832e+39;-8.11685e+38;1.19644e+39;1.03476e+39;-1.01474e+39;-1.21944e+39;7.9746e+38;
10;5.31019e+38;-4.87856e+38;-6.15934e+38;3.44366e+38;6.90763e+38;-1.93292e+38;-7.50743e+38;4.44042e+37;7.88979e+38;9.52066e+37;-7.98146e+38;-2.21958e+38;7.72577e+38;3.35557e+38;-7.10095e+38;-4.37837e+38;6.12987e+38;
11;1.24777e+39;-4.79425e+38;-1.33306e+39;2.35278e+38;1.37208e+39;1.84448e+37;-1.3644e+39;-2.72905e+38;1.31121e+39;5.189e+38;-1.215e+39;-7.47343e+38;1.07916e+39;9.49723e+38;-9.07824e+38;-1.11855e+39;7.05943e+38;
12;5.09586e+38;-4.26363e+38;-5.7495e+38;2.94527e+38;6.30151e+38;-1.52999e+38;-6.73156e+38;1.15554e+37;6.99533e+38;1.21593e+38;-7.03513e+38;-2.41081e+38;6.79681e+38;3.44837e+38;-6.24763e+38;-4.33587e+38;5.38949e+38;
13;1.1257e+39;-4.57835e+38;-1.21335e+39;2.40676e+38;1.257e+39;-1.50953e+37;-1.25535e+39;-2.12396e+38;1.20944e+39;4.34882e+38;-1.12228e+39;-6.45027e+38;9.98241e+38;8.35189e+38;-8.42439e+38;-9.97753e+38;6.60396e+38;
14;5.09565e+38;-3.31385e+38;-5.49083e+38;2.07357e+38;5.78239e+38;-7.29666e+37;-5.97851e+38;-6.17681e+37;6.05984e+38;1.87424e+38;-5.98423e+38;-2.96938e+38;5.70036e+38;3.86701e+38;-5.16577e+38;-4.56687e+38;4.36372e+38;
15;1.0111e+39;-4.89219e+38;-1.1113e+39;2.97464e+38;1.16856e+39;-9.6513e+37;-1.1805e+39;-1.09604e+38;1.14802e+39;3.16213e+38;-1.07476e+39;-5.17437e+38;9.66202e+38;7.05981e+38;-8.28527e+38;-8.73428e+38;6.67756e+38;
16;5.30545e+38;-2.04399e+38;-5.38361e+38;8.41947e+37;5.35545e+38;4.55638e+37;-5.2582e+38;-1.74373e+38;5.09715e+38;2.91536e+38;-4.84522e+38;-3.88415e+38;4.45405e+38;4.6016e+38;-3.87282e+38;-5.06377e+38;3.06886e+38;
17;9.19474e+38;-5.67398e+38;-1.04096e+39;3.96363e+38;1.11906e+39;-2.13731e+38;-1.15018e+39;2.10902e+37;1.13507e+39;1.78919e+38;-1.07814e+39;-3.81503e+38;9.86082e+38;5.79188e+38;-8.66213e+38;-7.62153e+38;7.25034e+38;
18;5.66449e+38;-5.04154e+37;-5.37866e+38;-6.88147e+37;4.98389e+38;1.95478e+38;-4.54646e+38;-3.18436e+38;4.0956e+38;4.2573e+38;-3.61877e+38;-5.07326e+38;3.07086e+38;5.57419e+38;-2.39418e+38;-5.75591e+38;1.54278e+38;
19;8.61738e+38;-6.77756e+38;-1.01012e+39;5.20596e+38;1.11315e+39;-3.48366e+38;-1.16602e+39;1.60458e+38;1.16935e+39;4.21794e+37;-1.1284e+39;-2.5542e+38;1.05114e+39;4.71168e+38;-9.46047e+38;-6.77781e+38;8.20119e+38;
20;6.06929e+38;1.22853e+38;-5.39029e+38;-2.41844e+38;4.60078e+38;3.65146e+38;-3.79528e+38;-4.81008e+38;3.02623e+38;5.76355e+38;-2.29537e+38;-6.39988e+38;1.56162e+38;6.65415e+38;-7.62132e+37;-6.52429e+38;-1.59835e+37;
21;8.42097e+38;-8.00096e+38;-1.01874e+39;6.49083e+38;1.1469e+39;-4.79163e+38;-1.22063e+39;2.87964e+38;1.24053e+39;-7.51865e+37;-1.21267e+39;-1.55313e+38;1.14628e+39;3.94525e+38;-1.05095e+39;-6.28832e+38;9.34203e+38;
22;6.3973e+38;3.05942e+38;-5.31832e+38;-4.22885e+38;4.12914e+38;5.40382e+38;-2.95078e+38;-6.46317e+38;1.85793e+38;7.26817e+38;-8.6692e+37;-7.69831e+38;-5.78795e+36;7.68408e+38;9.822e+37;-7.22658e+38;-1.97126e+38;
23;8.57188e+38;-9.12459e+38;-1.05891e+39;7.60377e+38;1.20845e+39;-5.85925e+38;-1.29898e+39;3.85536e+38;1.33111e+39;-1.58168e+38;-1.31167e+39;-9.22647e+37;1.25094e+39;3.55754e+38;-1.1595e+39;-6.16865e+38;1.04538e+39;
24;6.53461e+38;4.88528e+38;-5.07367e+38;-5.99295e+38;3.5053e+38;7.0658e+38;-1.97394e+38;-7.98369e+38;5.75248e+37;8.60491e+38;6.59151e+37;-8.80447e+38;-1.75722e+38;8.51039e+38;2.7847e+38;-7.72658e+38;-3.81287e+38;
25;8.96742e+38;-9.95207e+38;-1.11632e+39;8.36605e+38;1.28026e+39;-6.53179e+38;-1.38118e+39;4.40817e+38;1.41978e+39;-1.98243e+38;-1.40337e+39;-7.03545e+37;1.34303e+39;3.54106e+38;-1.25001e+39;-6.36234e+38;1.13277e+39;
26;6.40134e+38;6.60176e+38;-4.60129e+38;-7.59159e+38;2.69916e+38;8.50641e+38;-8.58342e+37;-9.2334e+38;-8.06495e+37;9.63433e+38;2.24776e+38;-9.58462e+38;-3.483e+38;9.01191e+38;4.57444e+38;-7.92168e+38;-5.59669e+38;
27;9.4566e+38;-1.0346e+39;-1.17309e+39;8.66679e+38;1.34253e+39;-6.72909e+38;-1.44642e+39;4.49296e+38;1.48549e+39;-1.94782e+38;-1.46727e+39;-8.60801e+37;1.4031e+39;3.81909e+38;-1.30456e+39;-6.75312e+38;1.18036e+39;
28;5.96866e+38;8.10976e+38;-3.89467e+38;-8.9233e+38;1.72626e+38;9.62403e+38;3.60064e+37;-1.01134e+39;-2.23362e+38;1.02637e+39;3.83063e+38;-9.95632e+38;-5.15544e+38;9.12067e+38;6.26297e+38;-7.7621e+38;-7.22792e+38;
29;9.87025e+38;-1.02516e+39;-1.21131e+39;8.48152e+38;1.37704e+39;-6.45835e+38;-1.47686e+39;4.14931e+38;1.51144e+39;-1.54952e+38;-1.4881e+39;-1.29227e+38;1.41789e+39;4.26211e+38;-1.31222e+39;-7.18869e+38;1.17983e+39;
30;5.26401e+38;9.32097e+38;-2.99865e+38;-9.91083e+38;6.48347e+37;1.03542e+39;1.60429e+38;-1.05728e+39;-3.6167e+38;1.04565e+39;5.3097e+38;-9.89789e+38;-6.67239e+38;8.83054e+38;7.74867e+38;-7.25811e+38;-8.60984e+38;
31;1.00535e+39;-9.70319e+38;-1.21638e+39;7.87315e+38;1.37053e+39;-5.80954e+38;-1.46093e+39;3.49124e+38;1.48804e+39;-9.21318e+37;-1.4585e+39;-1.84982e+38;1.3825e+39;4.71366e+38;-1.27074e+39;-7.51048e+38;1.13175e+39;
32;4.36358e+38;1.01633e+39;-2.00031e+38;-1.05044e+39;-4.37355e+37;1.06706e+39;2.76823e+38;-1.06085e+39;-4.84314e+38;1.02306e+39;6.56965e+38;-9.44528e+38;-7.9208e+38;8.19285e+38;8.92663e+38;-6.4742e+38;-9.65145e+38;
33;9.89396e+38;-8.81216e+38;-1.17959e+39;6.97509e+38;1.31691e+39;-4.93413e+38;-1.39509e+39;2.68238e+38;1.41425e+39;-2.31466e+37;-1.37986e+39;-2.36874e+38;1.30072e+39;5.02048e+38;-1.18636e+39;-7.5833e+38;1.04482e+39;
34;3.3751e+38;1.0586e+39;-1.01091e+38;-1.06817e+39;-1.41695e+38;1.05811e+39;3.736e+38;-1.02567e+39;-5.79645e+38;9.64655e+38;7.49626e+38;-8.67842e+38;-8.79331e+38;7.30114e+38;9.70219e+38;-5.51271e+38;-1.02772e+39;
35;9.34041e+38;-7.73914e+38;-1.09943e+39;5.96012e+38;1.21796e+39;-4.01161e+38;-1.28404e+39;1.90124e+38;1.29719e+39;3.51583e+37;-1.2614e+39;-2.70005e+38;1.18366e+39;5.06135e+38;-1.07196e+39;-7.31954e+38;9.33585e+38;
36;2.41603e+38;1.05635e+39;-1.44207e+37;-1.04464e+39;-2.18128e+38;1.01194e+39;4.40308e+38;-9.57966e+38;-6.37691e+38;8.79095e+38;7.99597e+38;-7.70137e+38;-9.20557e+38;6.26988e+38;1.0005e+39;-4.492e+38;-1.04364e+39;
37;8.41015e+38;-6.65786e+38;-9.81516e+38;5.00239e+38;1.08264e+39;-3.21094e+38;-1.13931e+39;1.30401e+38;1.15029e+39;6.93329e+37;-1.11788e+39;-2.7397e+38;1.047e+39;4.76972e+38;-9.43926e+38;-6.69436e+38;8.15031e+38;
38;1.5932e+38;1.00968e+39;5.02617e+37;-9.82333e+38;-2.64395e+38;9.3359e+38;4.69335e+38;-8.65191e+38;-6.51769e+38;7.75805e+38;8.01077e+38;-6.62197e+38;-9.10937e+38;5.21311e+38;9.79925e+38;-3.52529e+38;-1.01095e+39;
39;7.18464e+38;-5.71933e+38;-8.37438e+38;4.24157e+38;9.25181e+38;-2.65607e+38;-9.76949e+38;9.92905e+37;9.90579e+38;7.20067e+37;-9.66594e+38;-2.44888e+38;9.07852e+38;4.14637e+38;-8.1889e+38;-5.74976e+38;7.05108e+38;
40;9.89209e+37;9.21152e+38;8.60697e+37;-8.85358e+38;-2.75115e+38;8.28836e+38;4.5674e+38;-7.54727e+38;-6.1919e+38;6.63496e+38;7.52423e+38;-5.53559e+38;-8.49744e+38;4.22812e+38;9.08688e+38;-2.70525e+38;-9.3092e+38;
41;5.79546e+38;-5.02475e+38;-6.82718e+38;3.75755e+38;7.62694e+38;-2.40318e+38;-8.14755e+38;9.97305e+37;8.3572e+38;4.32609e+37;-8.244e+38;-1.86148e+38;7.8176e+38;3.25957e+38;-7.10763e+38;-4.58749e+38;6.15903e+38;
42;6.57757e+37;7.95179e+38;8.91741e+37;-7.58726e+38;-2.48165e+38;7.03406e+38;4.0206e+38;-6.33047e+38;-5.40927e+38;5.49255e+38;6.55727e+38;-4.51611e+38;-7.39868e+38;3.38724e+38;7.90244e+38;-2.09739e+38;-8.07461e+38;
43;4.40312e+38;-4.61252e+38;-5.34411e+38;3.56063e+38;6.1253e+38;-2.43451e+38;-6.6965e+38;1.27161e+38;7.01503e+38;-9.61098e+36;-7.05353e+38;-1.07668e+38;6.80576e+38;2.23276e+38;-6.28876e+38;-3.35192e+38;5.54044e+38;
44;6.2726e+37;6.3721e+38;5.82257e+37;-6.07717e+38;-1.83883e+38;5.62489e+38;3.07315e+38;-5.05341e+38;-4.2048e+38;4.38286e+38;5.15612e+38;-3.61456e+38;-5.8663e+38;2.73782e+38;6.30207e+38;-1.74163e+38;-6.46182e+38;
45;3.17212e+38;-4.46061e+38;-4.08632e+38;3.59816e+38;4.89949e+38;-2.66905e+38;-5.55525e+38;1.70968e+38;5.9996e+38;-7.38808e+37;-6.19181e+38;-2.38428e+37;6.11346e+38;1.22174e+38;-5.77312e+38;-2.20574e+38;5.20488e+38;
46;9.08917e+37;4.53031e+38;-6.60103e+36;-4.37486e+38;-8.39468e+37;4.10635e+38;1.75735e+38;-3.75658e+38;-2.62485e+38;3.34241e+38;3.37799e+38;-2.86374e+38;-3.96397e+38;2.30795e+38;4.35116e+38;-1.65911e+38;-4.53385e+38;
47;2.24585e+38;-4.50155e+38;-3.18337e+38;3.77449e+38;4.06239e+38;-2.98658e+38;-4.81753e+38;2.17194e+38;5.38307e+38;-1.34279e+38;-5.70687e+38;4.94139e+37;5.76211e+38;3.85691e+37;-5.55334e+38;-1.30253e+38;5.11488e+38;
48;1.50444e+38;2.48516e+38;-1.0441e+38;-2.53129e+38;4.94914e+37;2.52102e+38;1.0814e+37;-2.47478e+38;-7.17097e+37;2.39935e+38;1.2809e+38;-2.28605e+38;-1.75628e+38;2.11437e+38;2.11644e+38;-1.85997e+38;-2.35518e+38;
49;1.72492e+38;-4.6452e+38;-2.71625e+38;3.97832e+38;3.67485e+38;-3.2586e+38;-4.52416e+38;2.51841e+38;5.18628e+38;-1.7635e+38;-5.59918e+38;9.79054e+37;5.73079e+38;-1.42567e+37;-5.58589e+38;-7.60758e+37;5.20348e+38;
50;2.40928e+38;2.99996e+37;-2.33808e+38;-6.02486e+37;2.13975e+38;9.15833e+37;-1.83848e+38;-1.24529e+38;1.47116e+38;1.58164e+38;-1.07791e+38;-1.90089e+38;6.92258e+37;2.16862e+38;-3.33973e+37;-2.348e+38;6.56275e+35;
51;1.65221e+38;-4.80318e+38;-2.70751e+38;4.11082e+38;3.74059e+38;-3.379e+38;-4.66228e+38;2.64042e+38;5.38206e+38;-1.89549e+38;-5.82883e+38;1.12011e+38;5.96755e+38;-2.8139e+37;-5.80671e+38;-6.4364e+37;5.39428e+38;
52;3.60971e+38;-1.94889e+38;-3.92413e+38;1.34194e+38;4.06115e+38;-6.49642e+37;-4.03834e+38;-1.15349e+37;3.88543e+38;9.23188e+37;-3.63428e+38;-1.72892e+38;3.30948e+38;2.47887e+38;-2.92269e+38;-3.11997e+38;2.47243e+38;
53;2.00681e+38;-4.90962e+38;-3.11952e+38;4.10839e+38;4.20823e+38;-3.28793e+38;-5.17063e+38;2.48431e+38;5.9032e+38;-1.69456e+38;-6.32605e+38;8.86066e+37;6.40238e+38;-1.5576e+36;-6.1468e+38;-9.48458e+37;5.61974e+38;
54;5.0749e+38;-4.16359e+38;-5.75866e+38;3.21169e+38;6.20444e+38;-2.09779e+38;-6.42658e+38;8.54234e+37;6.45113e+38;4.65382e+37;-6.30437e+38;-1.79129e+38;6.00337e+38;3.04684e+38;-5.55178e+38;-4.1601e+38;4.94216e+38;
55;2.70793e+38;-4.93408e+38;-3.86122e+38;3.95558e+38;4.98022e+38;-2.98409e+38;-5.94985e+38;2.06247e+38;6.65365e+38;-1.18669e+38;-7.00285e+38;3.16829e+37;6.95921e+38;6.00794e+37;-6.54455e+38;-1.60717e+38;5.83383e+38;
56;6.74796e+38;-6.2216e+38;-7.76824e+38;4.89515e+38;8.48311e+38;-3.33441e+38;-8.90605e+38;1.59229e+38;9.06191e+38;2.52509e+37;-8.97361e+38;-2.10389e+38;8.65241e+38;3.86094e+38;-8.09509e+38;-5.43217e+38;7.28876e+38;
57;3.62833e+38;-4.88438e+38;-4.8024e+38;3.68565e+38;5.92721e+38;-2.52319e+38;-6.87642e+38;1.44953e+38;7.52131e+38;-4.62089e+37;-7.76425e+38;-4.84771e+37;7.56521e+38;1.45461e+38;-6.95287e+38;-2.49848e+38;6.017e+38;
58;8.54062e+38;-7.98306e+38;-9.84488e+38;6.26858e+38;1.07745e+39;-4.25905e+38;-1.13434e+39;2.02793e+38;1.15765e+39;3.21645e+37;-1.14947e+39;-2.66841e+38;1.11054e+39;4.88872e+38;-1.04003e+39;-6.87324e+38;9.36322e+38;
59;4.61546e+38;-4.79891e+38;-5.79355e+38;3.36895e+38;6.90633e+38;-2.00283e+38;-7.81861e+38;7.64531e+37;8.3911e+38;3.44757e+37;-8.51788e+38;-1.37412e+38;8.15635e+38;2.39548e+38;-7.34046e+38;-3.46953e+38;6.17294e+38;
60;1.03352e+39;-9.30925e+38;-1.18507e+39;7.21514e+38;1.29265e+39;-4.7834e+38;-1.35773e+39;2.10693e+38;1.38281e+39;6.89395e+37;-1.36989e+39;-3.46291e+38;1.31944e+39;6.07156e+38;-1.23042e+39;-8.39228e+38;1.10116e+39;
61;5.51681e+38;-4.73057e+38;-6.68874e+38;3.09158e+38;7.78084e+38;-1.53697e+38;-8.65259e+38;1.42441e+37;9.15702e+38;1.08502e+38;-9.18118e+38;-2.19505e+38;8.67922e+38;3.26506e+38;-7.68769e+38;-4.36356e+38;6.31836e+38;
62;1.19954e+39;-1.00891e+39;-1.36327e+39;7.65002e+38;1.47755e+39;-4.85357e+38;-1.54388e+39;1.80981e+38;1.56472e+39;1.33907e+38;-1.54197e+39;-4.43507e+38;1.47603e+39;7.3242e+38;-1.36588e+39;-9.87558e+38;1.21018e+39;
63;6.20554e+38;-4.72643e+38;-7.36762e+38;2.92949e+38;8.43862e+38;-1.22567e+38;-9.277e+38;-2.98715e+37;9.73214e+38;1.62939e+38;-9.68641e+38;-2.81307e+38;9.0902e+38;3.92852e+38;-7.97935e+38;-5.04873e+38;6.46908e+38;
64;1.33832e+39;-1.02674e+39;-1.50449e+39;7.54509e+38;1.61724e+39;-4.47034e+38;-1.678e+39;1.16674e+38;1.68916e+39;2.21217e+38;-1.65248e+39;-5.5004e+38;1.56843e+39;8.53976e+38;-1.43629e+39;-1.11983e+39;1.2554e+39;

y;0;1;2;3;4;5;6;7;8;9;10;11;12;13;14;15;16;17;18;19;20;21;22;23;24;25;26;27;28;29;30;31;32;33;34;35;36;37;38;39;40;41;42;43;44;45;46;47;48;49;50;51;52;53;54;55;56;57;58;59;60;61;62;63;64;
0;-1.48834e+37;4.83657e+37;2.53052e+37;-4.43872e+37;-3.46205e+37;3.93087e+37;4.22908e+37;-3.30382e+37;-4.79698e+37;2.54818e+37;5.15422e+37;-1.66411e+37;-5.31072e+37;6.68872e+36;5.29112e+37;4.00223e+36;-5.12492e+37;
1;7.65476e+36;3.92439e+36;-7.71867e+36;-3.06887e+36;6.69423e+36;2.27037e+36;-4.70974e+36;-1.963e+36;2.14339e+36;2.39365e+36;4.82548e+35;-3.54104e+36;-2.64802e+36;5.11818e+36;3.97999e+36;-6.65793e+36;-4.35425e+36;
2;-4.09138e+37;2.25818e+37;4.67153e+37;-1.53472e+37;-5.0428e+37;7.91458e+36;5.17533e+37;-1.60114e+35;-5.06714e+37;-8.01222e+36;4.74348e+37;1.65573e+37;-4.24987e+37;-2.52209e+37;3.64047e+37;3.35406e+37;-2.965e+37;
3;6.63635e+36;-1.00079e+37;-1.04975e+37;1.13782e+37;1.28009e+37;-1.24415e+37;-1.34313e+37;1.24784e+37;1.26985e+37;-1.09845e+37;-1.1228e+37;7.84054e+36;9.76053e+36;-3.36833e+36;-8.9226e+36;-1.74574e+36;9.03381e+36;
4;-5.81993e+37;-3.95755e+36;5.89114e+37;1.29143e+37;-5.69258e+37;-2.12821e+37;5.22338e+37;2.92044e+37;-4.51461e+37;-3.67553e+37;3.62376e+37;4.38324e+37;-2.62302e+37;-5.0114e+37;1.58452e+37;5.50962e+37;-5.66484e+36;
5;1.95982e+36;-1.97219e+37;-8.58824e+36;2.22619e+37;1.34251e+37;-2.43152e+37;-1.61647e+37;2.49102e+37;1.70626e+37;-2.33126e+37;-1.68215e+37;1.92663e+37;1.63482e+37;-1.30968e+37;-1.64558e+37;5.64334e+36;1.75991e+37;
6;-6.41181e+37;-2.81308e+37;5.98547e+37;3.6899e+37;-5.27278e+37;-4.45232e+37;4.30445e+37;5.11636e+37;-3.14258e+37;-5.68544e+37;1.86981e+37;6.14237e+37;-5.73712e+36;-6.44924e+37;-6.69364e+36;6.5555e+37;1.80646e+37;
7;-6.77723e+36;-2.37756e+37;-1.18061e+36;2.82366e+37;7.39563e+36;-3.21061e+37;-1.14598e+37;3.42131e+37;1.36071e+37;-3.36448e+37;-1.45925e+37;3.00315e+37;1.54173e+37;-2.36778e+37;-1.69867e+37;1.54985e+37;1.98013e+37;
8;-5.79828e+37;-4.70243e+37;4.94622e+37;5.36466e+37;-3.83467e+37;-5.88839e+37;2.52558e+37;6.29217e+37;-1.10778e+37;-6.57456e+37;-3.19362e+36;6.71052e+37;1.66471e+37;-6.65683e+37;-2.86121e+37;6.36507e+37;3.87459e+37;
9;-1.91161e+37;-2.19782e+37;1.13578e+37;2.90424e+37;-5.02267e+36;-3.54744e+37;5.18742e+35;3.99648e+37;2.41007e+36;-4.14871e+37;-4.55004e+36;3.95954e+37;6.92346e+36;-3.45593e+37;-1.04259e+37;2.72961e+37;1.5505e+37;
10;-4.12491e+37;-5.83466e+37;2.97184e+37;6.11944e+37;-1.62154e+37;-6.27653e+37;1.63617e+36;6.32837e+37;1.29265e+37;-6.26855e+37;-2.63998e+37;6.06368e+37;3.79427e+37;-5.66505e+37;-4.70916e+37;5.02678e+37;5.37974e+37;
11;-3.38836e+37;-1.54273e+37;2.7609e+37;2.55567e+37;-2.22301e+37;-3.5055e+37;1.80623e+37;4.25327e+37;-1.47864e+37;-4.69141e+37;1.16001e+37;4.77184e+37;-7.52263e+36;-4.51775e+37;1.75659e+36;4.01545e+37;6.00636e+36;
12;-1.72598e+37;-6.08027e+37;4.3303e+36;5.89091e+37;9.72892e+36;-5.61757e+37;-2.38111e+37;5.28747e+37;3.66975e+37;-4.88951e+37;-4.7321e+37;4.38182e+37;5.49952e+37;-3.70971e+37;-5.95391e+37;2.82875e+37;6.12604e+37;
13;-4.95046e+37;-6.2685e+36;4.54737e+37;1.95987e+37;-4.16963e+37;-3.23133e+37;3.83363e+37;4.29911e+37;-3.49872e+37;-5.05578e+37;3.08442e+37;5.45325e+37;-2.50124e+37;-5.51126e+37;1.68516e+37;5.30728e+37;-6.2481e+36;
14;9.39799e+36;-5.43908e+37;-2.19862e+37;4.76612e+37;3.48014e+37;-4.07807e+37;-4.66163e+37;3.40649e+37;5.61752e+37;-2.73593e+37;-6.2494e+37;2.0165e+37;6.50958e+37;-1.18735e+37;-6.41119e+37;2.03821e+36;6.02129e+37;
15;-6.43471e+37;2.78471e+36;6.26385e+37;1.35061e+37;-6.05239e+37;-2.91883e+37;5.80064e+37;4.28424e+37;-5.45986e+37;-5.34258e+37;4.95126e+37;6.04755e+37;-4.19649e+37;-6.41561e+37;3.14947e+37;6.5139e+37;-1.81955e+37;
16;3.37642e+37;-4.05423e+37;-4.44145e+37;2.97933e+37;5.44849e+37;-1.97051e+37;-6.27332e+37;1.06167e+37;6.79615e+37;-2.33348e+36;-6.93325e+37;-5.70895e+36;6.66017e+37;1.41714e+37;-6.0192e+37;-2.35141e+37;5.10824e+37;
17;-7.69845e+37;9.07363e+36;7.69995e+37;9.56873e+36;-7.601e+37;-2.7587e+37;7.39043e+37;4.35878e+37;-7.01588e+37;-5.65675e+37;6.40358e+37;6.60774e+37;-5.48749e+37;-7.22411e+37;4.23837e+37;7.56228e+37;-2.68299e+37;
18;5.1419e+37;-2.20125e+37;-5.89387e+37;8.82923e+36;6.52944e+37;2.92276e+36;-6.93404e+37;-1.29137e+37;7.00273e+37;2.13707e+37;-6.67119e+37;-2.88939e+37;5.93706e+37;3.61686e+37;-4.86492e+37;-4.3666e+37;3.57234e+37;
19;-8.63205e+37;1.06152e+37;8.69481e+37;9.45214e+36;-8.60815e+37;-2.8859e+37;8.35866e+37;4.62586e+37;-7.8985e+37;-6.06788e+37;7.16397e+37;7.16605e+37;-6.10226e+37;-7.92637e+37;4.69735e+37;8.39415e+37;-2.98649e+37;
20;5.9272e+37;-2.4671e+36;-6.3068e+37;-1.10907e+37;6.54186e+37;2.26596e+37;-6.5379e+37;-3.19563e+37;6.21271e+37;3.92234e+37;-5.52387e+37;-4.50481e+37;4.48682e+37;5.0091e+37;-3.17742e+37;-5.4812e+37;1.71741e+37;
21;-9.15919e+37;6.56873e+36;9.14972e+37;1.3766e+37;-8.95435e+37;-3.33972e+37;8.56925e+37;5.10524e+37;-7.96162e+37;-6.57777e+37;7.08456e+37;7.70677e+37;-5.89968e+37;-8.48823e+37;4.39968e+37;8.95509e+37;-2.62322e+37;
22;5.60986e+37;1.41929e+37;-5.62647e+37;-2.59759e+37;5.50289e+37;3.55713e+37;-5.17331e+37;-4.27725e+37;4.58392e+37;4.78076e+37;-3.71426e+37;-5.11853e+37;2.59059e+37;5.34733e+37;-1.28655e+37;-5.50797e+37;-8.98405e+35;
23;-9.23105e+37;-2.56951e+36;9.02747e+37;2.18951e+37;-8.61349e+37;-4.04895e+37;8.00631e+37;5.71953e+37;-7.19892e+37;-7.10725e+37;6.16853e+37;8.15345e+37;-4.89309e+37;-8.83995e+37;3.36994e+37;9.18501e+37;-1.6301e+37;
24;4.27361e+37;2.46179e+37;-4.00114e+37;-3.2789e+37;3.62167e+37;3.90182e+37;-3.10366e+37;-4.31904e+37;2.42442e+37;4.54769e+37;-1.58302e+37;-4.62329e+37;6.08007e+36;4.58565e+37;4.43217e+36;-4.46521e+37;-1.49361e+37;
25;-8.82097e+37;-1.50947e+37;8.34387e+37;3.21433e+37;-7.6426e+37;-4.84708e+37;6.76349e+37;6.30887e+37;-5.7336e+37;-7.50857e+37;4.56055e+37;8.37756e+37;-3.24096e+37;-8.8802e+37;1.77427e+37;9.0172e+37;-1.76689e+36;
26;2.1891e+37;2.67011e+37;-1.75005e+37;-3.00744e+37;1.25743e+37;3.21973e+37;-7.15614e+36;-3.30409e+37;1.32296e+36;3.26721e+37;4.78361e+36;-3.12221e+37;-1.0942e+37;2.8848e+37;1.68612e+37;-2.56989e+37;-2.22167e+37;
27;-7.92374e+37;-2.85094e+37;7.15622e+37;4.21531e+37;-6.16081e+37;-5.51368e+37;5.01532e+37;6.67038e+37;-3.78437e+37;-7.60089e+37;2.50937e+37;8.22773e+37;-1.20762e+37;-8.49667e+37;-1.20011e+36;8.38861e+37;1.47578e+37;
28;-2.42814e+36;1.99849e+37;7.01263e+36;-1.82336e+37;-1.15147e+37;1.6281e+37;1.5559e+37;-1.41612e+37;-1.88065e+37;1.17941e+37;2.10233e+37;-9.03589e+36;-2.21237e+37;5.75454e+36;2.21778e+37;-1.90389e+36;-2.13796e+37;
29;-6.56004e+37;-4.01171e+37;5.55214e+37;4.94849e+37;-4.32319e+37;-5.83063e+37;2.97809e+37;6.61159e+37;-1.61623e+37;-7.21921e+37;3.11948e+36;7.57156e+37;8.96263e+36;-7.59798e+37;-2.00505e+37;7.25912e+37;3.03482e+37;
30;-2.57548e+37;5.68897e+36;2.90836e+37;6.22136e+35;-3.17536e+37;-5.88796e+36;3.31283e+37;1.00479e+37;-3.26786e+37;-1.33547e+37;3.01418e+37;1.6244e+37;-2.56128e+37;-1.91501e+37;1.95423e+37;2.23309e+37;-1.26372e+37;
31;-4.7833e+37;-4.76348e+37;3.64032e+37;5.21986e+37;-2.2951e+37;-5.63715e+37;8.69243e+36;6.00228e+37;5.12082e+36;-6.26207e+37;-1.74738e+37;6.33738e+37;2.77866e+37;-6.14676e+37;-3.59826e+37;5.63282e+37;4.24086e+37;
32;-4.41038e+37;-1.36134e+37;4.49989e+37;2.31769e+37;-4.48069e+37;-3.04499e+37;4.27335e+37;3.53853e+37;-3.81527e+37;-3.84106e+37;3.08324e+37;4.02288e+37;-2.10593e+37;-4.15476e+37;9.623e+36;4.28241e+37;2.34133e+36;
33;-2.68436e+37;-4.96631e+37;1.54266e+37;4.92774e+37;-2.31085e+36;-4.86819e+37;-1.12631e+37;4.80952e+37;2.39223e+37;-4.72358e+37;-3.44802e+37;4.54254e+37;4.22062e+37;-4.18249e+37;-4.69649e+37;3.57309e+37;4.91844e+37;
34;-5.47765e+37;-3.45512e+37;5.25255e+37;4.5613e+37;-4.89711e+37;-5.33341e+37;4.3281e+37;5.77179e+37;-3.48323e+37;-5.93424e+37;2.34727e+37;5.91155e+37;-9.65895e+36;-5.79496e+37;-5.57238e+36;5.64597e+37;2.08034e+37;
35;-3.8845e+36;-4.58898e+37;-6.13957e+36;4.07805e+37;1.73971e+37;-3.5653e+37;-2.87724e+37;3.10549e+37;3.89278e+37;-2.69919e+37;-4.66321e+37;2.29793e+37;5.10726e+37;-1.82468e+37;-5.2053e+37;1.20337e+37;5.00175e+37;
36;-5.68278e+37;-5.359e+37;5.13e+37;6.43198e+37;-4.44736e+37;-7.10045e+37;3.55931e+37;7.37255e+37;-2.413e+37;-7.31672e+37;1.00446e+37;7.0353e+37;6.08009e+36;-6.63036e+37;-2.30821e+37;6.17262e+37;3.94364e+37;
37;1.95855e+37;-3.69894e+37;-2.70849e+37;2.7693e+37;3.52205e+37;-1.85741e+37;-4.31269e+37;1.04529e+37;4.96484e+37;-3.62524e+36;-5.3642e+37;-2.14502e+36;5.42984e+37;7.47449e+36;-5.13788e+37;-1.30997e+37;4.5293e+37;
38;-5.10905e+37;-6.76141e+37;4.27626e+37;7.64638e+37;-3.3319e+37;-8.09908e+37;2.21682e+37;8.13712e+37;-8.94267e+36;-7.83428e+37;-6.26891e+36;7.2946e+37;2.28124e+37;-6.62027e+37;-3.95226e+37;5.88328e+37;5.49371e+37;
39;4.21345e+37;-2.42719e+37;-4.63919e+37;1.15361e+37;5.05831e+37;8.16523e+35;-5.41705e+37;-1.17786e+37;5.62931e+37;2.08007e+37;-5.60152e+37;-2.78533e+37;5.2623e+37;3.33403e+37;-4.58761e+37;-3.78974e+37;3.61276e+37;
40;-3.97844e+37;-7.43761e+37;2.9674e+37;8.03442e+37;-1.87277e+37;-8.21433e+37;6.56104e+36;8.0051e+37;7.00103e+36;-7.48083e+37;-2.17448e+37;6.73852e+37;3.69957e+37;-5.87061e+37;-5.16845e+37;4.94208e+37;6.45422e+37;
41;6.26121e+37;-9.21987e+36;-6.33603e+37;-6.11547e+36;6.32716e+37;2.08345e+37;-6.21587e+37;-3.38457e+37;5.9521e+37;4.44176e+37;-5.47201e+37;-5.22788e+37;4.72273e+37;5.75968e+37;-3.686e+37;-6.08473e+37;2.39254e+37;
42;-2.58552e+37;-7.27774e+37;1.53674e+37;7.55291e+37;-4.32518e+36;-7.46343e+37;-7.45783e+36;7.04706e+37;1.99726e+37;-6.37468e+37;-3.28993e+37;5.53004e+37;4.55807e+37;-4.58837e+37;-5.71009e+37;3.60032e+37;6.64566e+37;
43;8.03163e+37;6.91565e+36;-7.7653e+37;-2.40327e+37;7.33559e+37;4.02491e+37;-6.7561e+37;-5.44954e+37;6.01452e+37;6.59516e+37;-5.08243e+37;-7.41637e+37;3.9331e+37;7.90741e+37;-2.56112e+37;-8.09629e+37;9.96535e+36;
44;-1.22429e+37;-6.29729e+37;2.94871e+36;6.28063e+37;6.70146e+36;-5.97749e+37;-1.67524e+37;5.43499e+37;2.70551e+37;-4.71925e+37;-3.72146e+37;3.89798e+37;4.66104e+37;-3.02506e+37;-5.44914e+37;2.13137e+37;6.01267e+37;
45;9.49734e+37;2.33219e+37;-8.92059e+37;-4.15048e+37;8.10248e+37;5.84315e+37;-7.08294e+37;-7.31484e+37;5.88539e+37;8.48459e+37;-4.51909e+37;-9.29664e+37;2.98908e+37;9.72669e+37;-1.30961e+37;-9.78234e+37;-4.8438e+36;
46;-1.26402e+36;-4.63054e+37;-5.35815e+36;4.39901e+37;1.22748e+37;-3.97206e+37;-1.94781e+37;3.40521e+37;2.67476e+37;-2.76016e+37;-3.36507e+37;2.08922e+37;3.9606e+37;-1.42427e+37;-4.39987e+37;7.73517e+36;4.63219e+37;
47;1.06514e+38;3.95751e+37;-9.79999e+37;-5.8234e+37;8.63567e+37;7.52041e+37;-7.21758e+37;-8.97169e+37;5.60036e+37;1.01059e+38;-3.8302e+37;-1.0865e+38;1.94675e+37;1.12119e+38;1.09591e+35;-1.11353e+38;-1.99768e+37;
48;5.77365e+36;-2.50848e+37;-8.5918e+36;2.16268e+37;1.17914e+37;-1.71266e+37;-1.54108e+37;1.22104e+37;1.92359e+37;-7.46847e+36;-2.2835e+37;3.30082e+36;2.56565e+37;1.68687e+35;-2.71693e+37;-3.08574e+36;2.70082e+37;
49;1.14737e+38;5.53825e+37;-1.0378e+38;-7.40151e+37;8.91009e+37;9.04684e+37;-7.14177e+37;-1.04194e+38;5.15318e+37;1.14632e+38;-3.02395e+37;-1.21249e+38;8.27626e+36;1.23605e+38;1.37007e+37;-1.21437e+38;-3.5102e+37;
50;8.68219e+36;-2.24028e+36;-7.11596e+36;-1.36602e+36;6.13422e+36;5.20753e+36;-5.90628e+36;-8.60469e+36;6.2949e+36;1.09735e+37;-6.90409e+36;-1.19919e+37;7.20114e+36;1.16844e+37;-6.68123e+36;-1.03979e+37;5.03052e+36;
51;1.19025e+38;7.02486e+37;-1.05864e+38;-8.83562e+37;8.85792e+37;1.03784e+38;-6.79683e+37;-1.16202e+38;4.50256e+37;1.25226e+38;-2.08196e+37;-1.30412e+38;-3.62285e+36;1.3131e+38;2.74027e+37;-1.27562e+38;-4.97944e+37;
52;8.25187e+36;1.91116e+37;-2.39153e+36;-2.20895e+37;-2.63408e+36;2.46748e+37;6.4734e+36;-2.61603e+37;-9.1372e+36;2.5954e+37;1.0956e+37;-2.37677e+37;-1.2448e+37;1.97154e+37;1.41334e+37;-1.4294e+37;-1.63484e+37;
53;1.18294e+38;8.32288e+37;-1.03175e+38;-1.00225e+38;8.37998e+37;1.14104e+38;-6.10152e+37;-1.2472e+38;3.59431e+37;1.3185e+38;-9.83738e+36;-1.35159e+38;-1.60738e+37;1.3423e+38;4.07228e+37;-1.28679e+38;-6.32901e+37;
54;5.91585e+36;3.61277e+37;3.46954e+36;-3.80429e+37;-1.18121e+37;3.91556e+37;1.85722e+37;-3.87665e+37;-2.36124e+37;3.62779e+37;2.7174e+37;-3.14016e+37;-2.97497e+37;2.42817e+37;3.18874e+37;-1.54928e+37;-3.39839e+37;
55;1.11251e+38;9.29013e+37;-9.45501e+37;-1.08057e+38;7.37957e+37;1.1981e+38;-4.98658e+37;-1.28138e+38;2.39399e+37;1.32941e+38;2.65258e+36;-1.33983e+38;-2.86074e+37;1.30921e+38;5.28027e+37;-1.23409e+38;-7.44049e+37;
56;3.30081e+36;4.66655e+37;8.27079e+36;-4.74517e+37;-1.87224e+37;4.72478e+37;2.73672e+37;-4.54098e+37;-3.39265e+37;4.13562e+37;3.85339e+37;-3.47846e+37;-4.16262e+37;2.58156e+37;4.37557e+37;-1.50166e+37;-4.53755e+37;
57;9.69033e+37;9.75976e+37;-7.92433e+37;-1.10066e+38;5.80996e+37;1.19075e+38;-3.43647e+37;-1.24662e+38;9.19959e+36;1.26794e+38;1.61132e+37;-1.25316e+38;-4.03387e+37;1.1998e+38;6.24388e+37;-1.10542e+38;-8.1668e+37;
58;1.75738e+36;4.96141e+37;1.03046e+37;-4.95018e+37;-2.13654e+37;4.84106e+37;3.06702e+37;-4.58082e+37;-3.78298e+37;4.11717e+37;4.28548e+37;-3.41912e+37;-4.60804e+37;2.49221e+37;4.80061e+37;-1.38365e+37;-4.90983e+37;
59;7.51578e+37;9.58263e+37;-5.74612e+37;-1.04754e+38;3.71952e+37;1.10446e+38;-1.52401e+37;-1.12942e+38;-7.34084e+36;1.12223e+38;2.94341e+37;-1.08193e+38;-5.00163e+37;1.00709e+38;6.82683e+37;-8.96776e+37;-8.36355e+37;
60;1.97467e+36;4.50726e+37;8.80882e+36;-4.44456e+37;-1.89276e+37;4.30054e+37;2.76592e+37;-4.03925e+37;-3.45498e+37;3.61986e+37;3.94762e+37;-3.01314e+37;-4.26163e+37;2.21557e+37;4.43416e+37;-1.25674e+37;-4.50621e+37;
61;4.72705e+37;8.67431e+37;-3.07187e+37;-9.14579e+37;1.27689e+37;9.34438e+37;5.75267e+36;-9.27053e+37;-2.39586e+37;8.92048e+37;4.10089e+37;-8.28817e+37;-5.62069e+37;7.37064e+37;6.9057e+37;-6.17536e+37;-7.92736e+37;
62;3.77815e+36;3.43351e+37;4.19135e+36;-3.35537e+37;-1.2018e+37;3.22241e+37;1.91115e+37;-3.02163e+37;-2.50041e+37;2.72965e+37;2.94334e+37;-2.32261e+37;-3.2369e+37;1.78723e+37;3.39777e+37;-1.12941e+37;-3.45388e+37;
63;1.59632e+37;7.05007e+37;-1.86125e+36;-7.07226e+37;-1.23543e+37;6.89595e+37;2.59686e+37;-6.5165e+37;-3.83387e+37;5.92693e+37;4.8971e+37;-5.12413e+37;-5.75624e+37;4.11578e+37;6.39935e+37;-2.92577e+37;-6.82804e+37;
64;6.17625e+36;1.96712e+37;-2.05129e+36;-1.89099e+37;-2.5543e+36;1.79077e+37;7.26112e+36;-1.68064e+37;-1.16315e+37;1.55975e+37;1.52671e+37;-1.41353e+37;-1.78951e+37;1.21984e+37;1.94222e+37;-9.57956e+36;-1.99379e+37;

z;0;1;2;3;4;5;6;7;8;9;10;11;12;13;14;15;16;17;18;19;20;21;22;23;24;25;26;27;28;29;30;31;32;33;34;35;36;37;38;39;40;41;42;43;44;45;46;47;48;49;50;51;52;53;54;55;56;57;58;59;60;61;62;63;64;
0;0;0;0;0;0;0;0;0;0;0;0;0;0;0;0;0;0;
1;0;0;0;0;0;0;0;0;0;0;0;0;0;0;0;0;0;
2;0;0;0;0;0;0;0;0;0;0;0;0;0;0;0;0;0;
3;0;0;0;0;0;0;0;0;0;0;0;0;0;0;0;0;0;
4;0;0;0;0;0;0;0;0;0;0;0;0;0;0;0;0;0;
5;0;0;0;0;0;0;0;0;0;0;0;0;0;0;0;0;0;
6;0;0;0;0;0;0;0;0;0;0;0;0;0;0;0;0;0;
7;0;0;0;0;0;0;0;0;0;0;0;0;0;0;0;0;0;
8;0;0;0;0;0;0;0;0;0;0;0;0;0;0;0;0;0;
9;0;0;0;0;0;0;0;0;0;0;0;0;0;0;0;0;0;
10;0;0;0;0;0;0;0;0;0;0;0;0;0;0;0;0;0;
11;0;0;0;0;0;0;0;0;0;0;0;0;0;0;0;0;0;
12;0;0;0;0;0;0;0;0;0;0;0;0;0;0;0;0;0;
13;0;0;0;0;0;0;0;0;0;0;0;0;0;0;0;0;0;
14;0;0;0;0;0;0;0;0;0;0;0;0;0;0;0;0;0;
15;0;0;0;0;0;0;0;0;0;0;0;0;0;0;0;0;0;
16;0;0;0;0;0;0;0;0;0;0;0;0;0;0;0;0;0;
17;0;0;0;0;0;0;0;0;0;0;0;0;0;0;0;0;0;
18;0;0;0;0;0;0;0;0;0;0;0;0;0;0;0;0;0;
19;0;0;0;0;0;0;0;0;0;0;0;0;0;0;0;0;0;
20;0;0;0;0;0;0;0;0;0;0;0;0;0;0;0;0;0;
21;0;0;0;0;0;0;0;0;0;0;0;0;0;0;0;0;0;
22;0;0;0;0;0;0;0;0;0;0;0;0;0;0;0;0;0;
23;0;0;0;0;0;0;0;0;0;0;0;0;0;0;0;0;0;
24;0;0;0;0;0;0;0;0;0;0;0;0;0;0;0;0;0;
25;0;0;0;0;0;0;0;0;0;0;0;0;0;0;0;0;0;
26;0;0;0;0;0;0;0;0;0;0;0;0;0;0;0;0;0;
27;0;0;0;0;0;0;0;0;0;0;0;0;0;0;0;0;0;
28;0;0;0;0;0;0;0;0;0;0;0;0;0;0;0;0;0;
29;0;0;0;0;0;0;0;0;0;0;0;0;0;0;0;0;0;
30;0;0;0;0;0;0;0;0;0;0;0;0;0;0;0;0;0;
31;0;0;0;0;0;0;0;0;0;0;0;0;0;0;0;0;0;
32;0;0;0;0;0;0;0;0;0;0;0;0;0;0;0;0;0;
33;0;0;0;0;0;0;0;0;0;0;0;0;0;0;0;0;0;
34;0;0;0;0;0;0;0;0;0;0;0;0;0;0;0;0;0;
35;0;0;0;0;0;0;0;0;0;0;0;0;0;0;0;0;0;
36;0;0;0;0;0;0;0;0;0;0;0;0;0;0;0;0;0;
37;0;0;0;0;0;0;0;0;0;0;0;0;0;0;0;0;0;
38;0;0;0;0;0;0;0;0;0;0;0;0;0;0;0;0;0;
39;0;0;0;0;0;0;0;0;0;0;0;0;0;0;0;0;0;
40;0;0;0;0;0;0;0;0;0;0;0;0;0;0;0;0;0;
41;0;0;0;0;0;0;0;0;0;0;0;0;0;0;0;0;0;
42;0;0;0;0;0;0;0;0;0;0;0;0;0;0;0;0;0;
43;0;0;0;0;0;0;0;0;0;0;0;0;0;0;0;0;0;
44;0;0;0;0;0;0;0;0;0;0;0;0;0;0;0;0;0;
45;0;0;0;0;0;0;0;0;0;0;0;0;0;0;0;0;0;
46;0;0;0;0;0;0;0;0;0;0;0;0;0;0;0;0;0;
47;0;0;0;0;0;0;0;0;0;0;0;0;0;0;0;0;0;
48;0;0;0;0;0;0;0;0;0;0;0;0;0;0;0;0;0;
49;0;0;0;0;0;0;0;0;0;0;0;0;0;0;0;0;0;
50;0;0;0;0;0;0;0;0;0;0;0;0;0;0;0;0;0;
51;0;0;0;0;0;0;0;0;0;0;0;0;0;0;0;0;0;
52;0;0;0;0;0;0;0;0;0;0;0;0;0;0;0;0;0;
53;0;0;0;0;0;0;0;0;0;0;0;0;0;0;0;0;0;
54;0;0;0;0;0;0;0;0;0;0;0;0;0;0;0;0;0;
55;0;0;0;0;0;0;0;0;0;0;0;0;0;0;0;0;0;
56;0;0;0;0;0;0;0;0;0;0;0;0;0;0;0;0;0;
57;0;0;0;0;0;0;0;0;0;0;0;0;0;0;0;0;0;
58;0;0;0;0;0;0;0;0;0;0;0;0;0;0;0;0;0;
59;0;0;0;0;0;0;0;0;0;0;0;0;0;0;0;0;0;
60;0;0;0;0;0;0;0;0;0;0;0;0;0;0;0;0;0;
61;0;0;0;0;0;0;0;0;0;0;0;0;0;0;0;0;0;
62;0;0;0;0;0;0;0;0;0;0;0;0;0;0;0;0;0;
63;0;0;0;0;0;0;0;0;0;0;0;0;0;0;0;0;0;
64;0;0;0;0;0;0;0;0;0;0;0;0;0;0;0;0;0;

